alias Andrea Andrea Köhler <andrea.koehler@live.de>
alias Anja Anja Schütte <Anja_Schuette@gmx.de>
alias Bestek Andreas Bestek <Andreas.Bestek@mcs-bochum.de>
alias Desmond Desmond Kabus <desmond.kabus@live.de>
alias Eike Eike Davidsohn <e.davidsohn@web.de>
alias Fabian Fabian Lemke <fabian.lemke@online.de>
alias Friedrich Friedrich Köhler <fa.koehler@web.de>
alias Ich Niklas Köhler <Niklas.Koehler@live.de>
alias Jan Jan Bühlbecker <janbuehlbecker@googlemail.com>
alias Julia Julia Böhm <juls991995@googlemail.com>
alias Malte Malte Weigelt <malteweigelt@web.de>
alias Mavin Mavin Heim <mavin.heim@live.de>
alias Morgner Elke Morgner <e.morgner@gmx.de>
alias Teich Joachim Teich <Joachim.Teich@mcs-bochum.de>
alias Tuchmann Katharina Tuchmann <Katharina.Tuchmann@mcs-bochum.de>
alias waterkoka Niklas Köhler <waterkoka@gmail.com>
alias Woerpel Wolfgang Wörpel <Wolfgang.Woerpel@mcs-bochum.de>
